City,Cloudiness,Country,Date,Humidity,Latitude,Longitude,Max Temperature,Wind Speed
lysva,100,RU,1564374068,96,58.11,57.8,282.6,1.89
aykhal,75,RU,1564374069,62,65.95,111.51,285.15,2.0
airai,0,TL,1564374069,50,-8.93,125.41,301.0,2.02
ostersund,15,SE,1564374069,62,63.18,14.64,288.71,2.6
albany,90,US,1564374070,78,42.65,-73.75,297.04,3.82
rikitea,82,PF,1564374070,83,-23.12,-134.97,294.3,8.48
butaritari,100,KI,1564374070,67,3.07,172.79,302.7,3.23
ushuaia,40,AR,1564373828,59,-54.81,-68.31,276.15,7.2
kodiak,90,US,1564374071,78,39.95,-94.76,298.71,7.7
talnakh,40,RU,1564374071,72,69.49,88.39,288.15,5.0
arraial do cabo,52,BR,1564374071,88,-22.97,-42.02,293.5,2.91
lodja,4,CD,1564374071,46,-3.52,23.6,293.3,0.4
beringovskiy,100,RU,1564374072,69,63.05,179.32,286.1,5.6
cajibio,90,CO,1564374072,66,2.03,-76.62,292.2,1.25
katsuura,75,JP,1564374072,79,33.93,134.5,305.15,3.1
mataura,100,NZ,1564374072,90,-46.19,168.86,284.26,0.4
bethel,75,US,1564374073,48,60.79,-161.76,292.15,4.1
bluff,6,AU,1564374073,37,-23.58,149.07,295.1,0.91
hermanus,99,ZA,1564374073,98,-34.42,19.24,283.15,0.42
klaksvik,93,FO,1564374074,82,62.23,-6.59,289.15,2.1
constitucion,75,MX,1564374075,77,23.99,-104.67,292.04,1.5
georgetown,20,GY,1564374075,94,6.8,-58.16,298.15,2.1
cape town,75,ZA,1564374002,87,-33.93,18.42,287.59,5.7
barretos,0,BR,1564374076,49,-20.55,-48.57,292.2,3.56
yar-sale,100,RU,1564374076,60,66.83,70.83,283.9,6.32
sisimiut,100,GL,1564374076,71,66.94,-53.67,280.4,2.8
portland,1,US,1564374077,78,43.66,-70.25,296.15,2.6
nikolskoye,20,RU,1564374077,62,59.7,30.79,286.48,1.0
pontal do parana,90,BR,1564374077,93,-25.67,-48.51,289.26,2.1
saint-philippe,40,CA,1564374077,94,45.36,-73.48,297.15,1.5
torbay,20,CA,1564374078,93,47.66,-52.73,288.15,5.7
hobart,75,AU,1564373889,64,-42.88,147.33,282.15,6.7
barkly west,0,ZA,1564374078,38,-28.54,24.52,282.9,3.95
saint-leu,0,RE,1564374078,78,-21.15,55.28,297.15,1.5
bredasdorp,100,ZA,1564374079,93,-34.53,20.04,285.15,0.5
taganak,75,PH,1564374079,88,6.08,118.3,300.15,1.0
busselton,0,AU,1564374079,42,-33.64,115.35,290.93,5.35
dikson,2,RU,1564374080,84,73.51,80.55,277.4,8.13
roebourne,21,AU,1564374080,22,-20.77,117.15,302.5,1.74
kapaa,1,US,1564374062,69,22.08,-159.32,302.15,6.7
trat,75,TH,1564374080,88,12.25,102.51,304.26,3.1
port blair,75,IN,1564374081,79,11.67,92.75,302.15,3.6
port hedland,0,AU,1564374081,39,-20.31,118.58,301.15,5.7
hay river,75,CA,1564374082,63,60.82,-115.79,290.15,2.6
vestmannaeyjar,100,IS,1564374082,94,63.44,-20.27,285.6,4.85
maniitsoq,100,GL,1564374082,57,65.42,-52.9,282.8,2.74
padang,0,ID,1564374082,72,-0.92,100.36,301.1,3.71
derac,100,HT,1564374084,92,19.65,-71.82,295.6,1.58
lorengau,100,PG,1564374084,94,-2.02,147.27,297.4,2.19
puerto ayora,67,EC,1564374084,96,-0.74,-90.35,292.59,0.45
kavaratti,40,IN,1564374085,83,10.57,72.64,301.15,3.1
atuona,0,PF,1564374085,77,-9.8,-139.03,300.1,9.75
gilgit,24,PK,1564374085,57,35.92,74.31,286.9,0.8
fortuna,90,US,1564374085,87,40.6,-124.16,290.37,4.1
tuktoyaktuk,40,CA,1564374086,62,69.44,-133.03,286.15,5.1
san juan,0,AR,1564374086,30,-31.54,-68.53,280.1,4.56
chuy,100,UY,1564374086,84,-33.69,-53.46,285.0,4.64
zambezi,0,ZM,1564374086,44,-13.55,23.12,282.3,2.34
punta arenas,0,CL,1564374087,80,-53.16,-70.91,274.15,2.6
mosquera,75,CO,1564374087,81,4.71,-74.23,285.15,2.6
aginskoye,100,RU,1564374087,83,51.11,114.54,290.7,3.23
narsaq,3,GL,1564374088,76,60.91,-46.05,282.15,3.1
tiksi,100,RU,1564374088,93,71.64,128.87,275.5,4.8
ulladulla,0,AU,1564374088,39,-35.36,150.48,292.15,4.6
sheltozero,64,RU,1564374089,80,61.37,35.37,282.8,6.51
hasaki,75,JP,1564374089,66,35.73,140.83,310.37,3.6
faanui,100,PF,1564374089,78,-16.48,-151.75,299.1,10.75
lebu,90,ET,1564374089,93,8.96,38.73,287.15,1.5
waterloo,100,SL,1564373990,82,8.34,-13.07,298.7,6.94
charters towers,60,AU,1564374090,39,-20.07,146.27,296.5,4.24
svetlaya,0,RU,1564374090,36,46.54,138.33,305.9,4.14
lata,1,IN,1564374091,76,30.78,78.62,284.3,1.95
port lincoln,47,AU,1564374091,65,-34.72,135.86,287.2,4.11
saskylakh,100,RU,1564374091,69,71.97,114.09,281.7,4.2
kahului,40,US,1564373982,58,20.89,-156.47,301.15,11.3
liverpool,75,GB,1564373921,100,53.41,-2.98,288.15,2.1
new norfolk,75,AU,1564374092,64,-42.78,147.06,282.15,6.7
brae,98,GB,1564374092,93,60.4,-1.35,288.15,2.6
leh,81,IN,1564374092,67,34.16,77.58,282.0,0.99
thompson,90,CA,1564374092,87,55.74,-97.86,285.15,5.1
castro,90,CL,1564374093,100,-42.48,-73.76,283.15,6.2
zeya,100,RU,1564374093,55,53.74,127.27,297.2,1.36
port alfred,0,ZA,1564374093,94,-33.59,26.89,289.26,1.34
sabha,0,LY,1564374094,15,27.03,14.43,301.0,3.88
forio,20,IT,1564374094,100,40.73,13.86,297.04,6.64
pecos,1,US,1564374094,35,31.42,-103.49,305.15,9.8
port elizabeth,1,US,1564374095,69,39.31,-74.98,299.26,1.5
emerald,8,AU,1564374095,33,-23.53,148.16,298.71,2.6
jamestown,89,AU,1564374095,74,-33.21,138.6,286.3,2.79
shaoyang,40,CN,1564374096,69,27.23,111.45,303.3,2.58
amalapuram,90,IN,1564374096,88,16.58,82.0,299.15,4.6
chumikan,0,RU,1564374096,47,54.72,135.31,297.2,2.08
komsomolskiy,100,RU,1564374097,60,67.55,63.78,282.4,7.79
ponta do sol,0,BR,1564374097,53,-20.63,-46.0,287.6,2.21
zaria,100,NG,1564374097,96,11.11,7.72,293.4,2.42
tazmalt,0,DZ,1564374097,73,36.39,4.4,294.15,2.6
sao joao da barra,0,BR,1564374098,94,-21.64,-41.05,289.7,0.38
barrow,4,AR,1564374098,75,-38.31,-60.23,283.2,6.25
geraldton,75,CA,1564374098,72,49.72,-86.95,293.15,2.6
dingle,98,PH,1564374098,88,11.0,122.67,299.0,2.36
qesarya,0,IL,1564374099,73,32.52,34.9,298.15,1.0
kenai,1,US,1564374099,82,60.55,-151.26,289.15,5.1
sorland,0,NO,1564374099,77,67.67,12.69,286.0,13.57
provideniya,90,RU,1564374100,76,64.42,-173.23,285.15,6.0
vaini,90,IN,1564374100,100,15.34,74.49,296.15,5.1
north bend,40,US,1564374100,87,43.41,-124.22,290.93,4.6
alice springs,0,AU,1564374101,13,-23.7,133.88,300.15,3.1
rozsypne,0,UA,1564374101,78,48.13,38.57,292.9,2.2
codrington,40,AU,1564374101,52,-28.95,153.24,295.93,1.0
ouesso,8,CG,1564374102,89,1.61,16.05,294.3,1.01
qaanaaq,74,GL,1564374102,70,77.48,-69.36,277.6,0.4
batagay,100,RU,1564374102,35,67.65,134.64,287.2,4.38
mayo,75,CA,1564374103,51,63.59,-135.9,290.15,1.0
kjopsvik,0,NO,1564374103,76,68.1,16.37,289.82,9.3
balabac,91,PH,1564374103,69,7.99,117.06,302.8,5.57
tasiilaq,100,GL,1564374103,81,65.61,-37.64,280.15,6.2
la ronge,5,CA,1564374104,50,55.1,-105.3,287.15,1.5
pilar,40,AR,1564374104,87,-34.46,-58.91,285.15,3.6
coihaique,90,CL,1564374104,93,-45.58,-72.07,275.15,1.49
kerema,100,PG,1564374104,79,-7.96,145.78,298.0,4.37
havre-saint-pierre,20,CA,1564374105,93,50.23,-63.6,290.15,1.5
gabu,39,CN,1564374105,67,34.78,103.0,288.0,2.11
altayskoye,3,RU,1564374105,57,51.95,85.34,295.4,1.37
miles city,1,US,1564373879,32,46.41,-105.84,294.15,3.1
villa bruzual,100,VE,1564374106,96,9.33,-69.12,292.5,0.55
alofi,100,NU,1564374106,88,-19.06,-169.92,298.15,5.7
hithadhoo,5,MV,1564374106,71,-0.6,73.08,301.5,3.18
prince rupert,75,CA,1564374107,82,54.32,-130.32,288.15,1.5
vao,0,EE,1564374107,69,59.1,26.19,284.4,3.01
carman,1,CA,1564374107,64,49.51,-98.0,293.15,3.6
souillac,0,FR,1564374108,87,45.6,-0.6,287.15,1.5
kui buri,20,TH,1564374108,46,12.07,99.86,306.15,3.6
mlonggo,20,ID,1564374108,42,-6.53,110.7,303.15,6.2
bugama,100,NG,1564374109,90,4.73,6.86,296.8,2.43
isangel,20,VU,1564374109,53,-19.55,169.27,298.15,3.1
pojuca,40,BR,1564374109,78,-12.42,-38.33,297.15,4.1
namibe,49,AO,1564374109,82,-15.19,12.15,291.2,6.07
gursarai,2,IN,1564374110,69,25.62,79.18,303.5,4.85
ruwi,40,OM,1564374063,100,23.6,58.55,302.15,2.1
kruisfontein,91,ZA,1564374110,47,-34.0,24.73,287.8,2.11
campos belos,0,BR,1564374110,55,-13.04,-46.77,291.8,2.2
kozhva,100,RU,1564374111,93,65.11,57.05,280.5,7.18
homer,90,US,1564374111,71,59.64,-151.54,289.15,3.1
shakhtinsk,40,KZ,1564374111,23,49.71,72.59,301.15,11.0
baruun-urt,0,MN,1564374112,44,46.68,113.28,294.8,7.28
diffa,100,NE,1564374112,54,13.32,12.61,302.2,5.13
panaba,0,MX,1564374112,84,21.28,-88.27,300.2,3.26
leningradskiy,100,RU,1564374113,68,69.38,178.42,283.1,9.54
pascagoula,1,US,1564373816,88,30.37,-88.56,300.37,1.05
katherine,0,AU,1564374113,27,-14.47,132.26,304.15,5.7
linqiong,75,CN,1564374113,88,30.42,103.46,296.15,3.0
severomuysk,15,RU,1564374114,35,56.17,113.57,296.3,6.26
cidreira,67,BR,1564374114,83,-30.17,-50.22,287.1,6.47
bathsheba,75,BB,1564374114,83,13.22,-59.52,300.15,3.6
tuatapere,100,NZ,1564374115,90,-46.13,167.69,284.26,1.08
kilindoni,35,TZ,1564374115,79,-7.91,39.67,298.2,7.36
flin flon,28,CA,1564374115,79,54.77,-101.88,282.5,2.83
hilo,40,US,1564374009,65,19.71,-155.08,300.15,2.1
altay,0,CN,1564374116,39,47.83,88.13,291.1,2.69
esperance,75,AU,1564374116,72,-33.86,121.89,288.15,1.0
port-gentil,43,GA,1564374116,81,-0.72,8.78,297.0,5.64
inverell,9,AU,1564374117,33,-29.78,151.11,289.82,1.34
ndjole,89,GA,1564374117,84,-0.18,10.76,295.1,1.15
grenfell,100,AU,1564374117,73,-33.9,148.16,285.9,3.52
san cristobal,100,HN,1564374117,88,14.68,-86.92,292.2,1.68
pisco,40,PE,1564374118,82,-13.71,-76.2,287.15,1.5
port antonio,20,JM,1564374118,74,18.18,-76.45,302.15,4.1
acapulco,75,MX,1564374118,74,16.86,-99.88,303.15,1.0
necochea,0,AR,1564374118,94,-38.55,-58.74,278.71,4.47
batagay-alyta,100,RU,1564374119,94,67.8,130.41,275.3,2.43
iqaluit,20,CA,1564374119,87,63.75,-68.52,280.15,2.1
ritchie,0,ZA,1564374119,37,-29.03,24.6,282.5,3.81
ribeira grande,100,PT,1564374120,84,38.52,-28.7,293.8,7.34
jalu,0,LY,1564374120,34,29.03,21.55,298.3,2.41
onguday,1,RU,1564374120,56,50.75,86.14,290.8,1.77
yulara,40,AU,1564374120,24,-25.24,130.99,295.15,6.2
khatanga,80,RU,1564374121,40,71.98,102.47,289.9,7.5
zhuhai,0,CN,1564374121,69,40.71,112.04,296.15,3.0
lagoa,0,PT,1564374121,35,37.14,-8.45,295.15,4.6
nanortalik,25,GL,1564374122,86,60.14,-45.24,277.4,3.09
xuddur,100,SO,1564374122,75,4.12,43.89,295.0,8.68
oudtshoorn,90,ZA,1564374014,93,-33.59,22.2,283.15,2.1
sabzevar,0,IR,1564374008,56,36.21,57.68,295.5,3.5
lethem,92,GY,1564374123,84,3.38,-59.8,297.7,2.08
ishigaki,75,JP,1564374123,79,24.34,124.16,304.15,4.6
terekli-mekteb,0,RU,1564374123,57,44.16,45.87,296.6,3.94
aksu,0,KZ,1564374125,39,52.04,76.93,300.15,8.0
uruzgan,0,AF,1564374125,15,32.93,66.63,296.5,2.11
faya,0,SA,1564374125,56,18.39,42.45,293.15,1.59
severo-kurilsk,72,RU,1564374125,94,50.68,156.12,282.3,2.89
igarka,65,RU,1564374126,73,67.47,86.57,288.3,3.82
asahikawa,75,JP,1564374126,74,43.76,142.37,301.15,5.7
karratha,41,AU,1564374126,22,-20.74,116.85,302.1,1.44
gravdal,68,NO,1564374127,88,59.79,5.78,291.48,3.1
kaitangata,100,NZ,1564374127,84,-46.28,169.85,283.15,2.68
eyl,6,SO,1564374127,68,7.98,49.82,296.9,12.24
itoman,40,JP,1564374127,63,26.12,127.67,307.15,4.1
dubbo,40,AU,1564374128,36,-32.25,148.6,291.15,4.6
marsa matruh,0,EG,1564374128,88,31.35,27.25,296.15,2.1
saint-pierre,0,FR,1564374128,93,48.95,4.24,286.15,2.6
upernavik,1,GL,1564374128,75,72.79,-56.15,278.0,7.12
djambala,2,CG,1564374129,69,-2.55,14.76,294.4,1.96
alyangula,54,AU,1564374129,42,-13.85,136.42,302.15,3.6
basco,1,US,1564374129,74,40.33,-91.2,299.26,2.6
victoria,75,BN,1564373864,83,5.28,115.24,303.15,0.5
chokurdakh,100,RU,1564374130,87,70.62,147.9,278.1,4.22
sal rei,75,CV,1564374130,73,16.18,-22.92,298.15,3.6
saint george,20,GR,1564374130,72,39.45,22.34,298.15,1.5
siguiri,98,GN,1564374131,88,11.42,-9.17,294.9,4.08
walvis bay,35,NA,1564374131,94,-22.95,14.51,285.93,3.86
tocopilla,25,CL,1564373940,85,-22.09,-70.2,287.1,6.86
cap malheureux,75,MU,1564374131,94,-19.98,57.61,297.15,2.6
cavalcante,0,BR,1564374132,68,-13.79,-47.46,287.9,2.68
mahebourg,75,MU,1564374132,94,-20.41,57.7,297.15,2.6
hamilton,1,CA,1564374086,83,43.26,-79.87,297.59,1.0
solvychegodsk,100,RU,1564374133,95,61.33,46.92,280.6,7.19
quatre cocos,75,MU,1564373987,94,-20.21,57.76,297.15,2.6
amfissa,0,GR,1564374133,58,38.53,22.38,297.59,2.24
baijiantan,0,CN,1564374133,24,45.63,85.18,298.9,3.18
loikaw,98,MM,1564374134,72,19.67,97.21,297.1,1.41
yarmouth,20,CA,1564374134,77,43.84,-66.12,290.37,5.1
samarai,31,PG,1564374134,68,-10.62,150.67,298.6,3.76
bogande,85,BF,1564374135,72,12.97,-0.14,300.5,3.76
ciudad real,0,ES,1564374038,51,38.99,-3.93,294.82,2.24
bondoukou,100,CI,1564374135,99,8.04,-2.8,293.7,2.71
port hawkesbury,1,CA,1564374135,93,45.62,-61.36,290.37,1.5
yellowknife,40,CA,1564374136,67,62.45,-114.38,287.15,3.6
bubaque,100,GW,1564374136,84,11.28,-15.83,298.3,0.6
tessalit,0,ML,1564374136,48,20.2,1.01,304.2,8.91
lagos,40,NG,1564373900,94,6.46,3.39,298.15,1.5
lompoc,90,US,1564374137,93,34.64,-120.46,289.26,2.6
vyazemskiy,13,RU,1564374137,75,47.53,134.76,302.5,5.1
pitimbu,75,BR,1564374137,100,-7.47,-34.81,294.15,3.1
nome,1,US,1564374137,88,30.04,-94.42,301.48,2.1
oussouye,40,SN,1564374138,94,12.49,-16.54,297.15,4.1
nisia floresta,20,BR,1564374138,88,-6.09,-35.21,295.15,2.6
labuhan,56,ID,1564374138,42,-2.54,115.51,304.7,0.96
shitanjing,0,CN,1564374139,39,39.23,106.34,300.2,5.22
avarua,97,CK,1564374139,83,-21.21,-159.78,297.15,8.2
mildura,75,AU,1564374139,87,-34.18,142.16,287.15,3.6
marco,0,BR,1564374139,89,-3.12,-40.15,295.9,2.35
port-cartier,75,CA,1564374140,93,50.03,-66.88,290.37,3.6
adrar,0,DZ,1564374140,9,27.87,-0.29,305.15,4.6
sao filipe,19,CV,1564374140,83,14.9,-24.5,297.0,2.87
acajutla,67,SV,1564374140,72,13.59,-89.83,302.3,3.05
dhilwan,56,IN,1564374141,68,30.78,76.19,303.7,3.89
hualmay,96,PE,1564374141,88,-11.1,-77.61,288.3,7.73
teguldet,3,RU,1564374141,56,57.31,88.17,296.5,2.31
ramnagar,0,IN,1564373855,69,27.17,84.33,303.7,6.94
east london,0,ZA,1564374143,19,-33.02,27.91,297.15,6.2
vila franca do campo,20,PT,1564374143,77,37.72,-25.43,292.15,3.6
valdivia,90,CL,1564374144,100,-39.81,-73.25,285.15,5.7
saquena,0,PE,1564374144,75,-4.67,-73.52,295.1,0.31
salinas,90,US,1564374101,87,36.67,-121.66,294.82,4.6
zhezkazgan,75,KZ,1564374144,47,47.8,67.71,299.15,5.0
wattegama,72,LK,1564374145,66,7.35,80.68,299.1,2.48
tynda,37,RU,1564374145,60,55.15,124.74,295.6,1.02
orlik,0,PL,1564374145,82,53.95,17.74,294.82,1.5
babaeski,0,TR,1564374145,86,41.43,27.09,292.1,2.39
kununurra,68,AU,1564374146,18,-15.77,128.74,306.15,5.1
norman wells,75,CA,1564374146,68,65.28,-126.83,291.15,1.0
grootfontein,0,NA,1564374146,44,-19.56,18.1,277.15,1.5
senekal,0,ZA,1564374147,56,-28.32,27.62,277.8,2.08
kaeo,100,NZ,1564374147,100,-35.1,173.78,289.82,2.96
luderitz,0,NA,1564374147,100,-26.65,15.16,283.15,6.7
beloha,0,MG,1564374147,82,-25.17,45.06,289.0,3.16
cabo san lucas,5,MX,1564373954,48,22.89,-109.91,305.15,7.2
whitecourt,75,CA,1564374148,63,54.14,-115.68,291.15,2.1
harnosand,98,SE,1564374148,55,62.63,17.94,290.93,2.1
mardin,0,TR,1564374149,38,37.32,40.72,299.15,0.5
hofn,100,IS,1564374149,83,64.25,-15.21,282.3,3.28
mareeba,40,AU,1564374149,50,-16.99,145.42,299.15,7.2
gayeri,97,BF,1564374149,66,12.65,0.49,300.5,2.7
noshiro,75,JP,1564374150,78,40.21,140.05,302.15,4.6
devils lake,1,US,1564374150,68,48.11,-98.87,292.15,8.2
cumana,3,VE,1564374150,84,10.46,-64.17,299.4,1.08
kupang,20,ID,1564374150,45,-10.16,123.6,303.15,7.7
salalah,90,OM,1564374151,94,17.01,54.1,298.15,2.6
mount gambier,75,AU,1564374151,71,-37.83,140.78,286.15,5.1
grindavik,75,IS,1564374151,100,63.84,-22.43,286.15,2.6
antsohihy,70,MG,1564374152,70,-14.88,47.99,297.1,7.96
lashio,100,MM,1564374152,69,22.93,97.75,299.7,0.83
pevek,100,RU,1564374152,97,69.7,170.27,274.4,8.1
tera,75,CY,1564374153,73,34.97,32.42,296.48,3.1
port keats,32,AU,1564374153,49,-14.25,129.55,301.5,2.84
manta,100,RO,1564374153,84,45.1,24.1,290.1,4.81
otradnoye,20,RU,1564374154,66,59.77,30.8,286.48,2.0
shache,17,CN,1564374154,18,38.42,77.24,304.9,5.5
pouembout,3,NC,1564374154,67,-21.12,164.9,293.9,5.48
gualeguaychu,100,AR,1564374154,82,-33.01,-58.51,284.82,0.45
calvinia,0,ZA,1564374155,24,-31.47,19.78,287.5,4.88
potosi,0,BO,1564374155,27,-19.59,-65.75,272.4,5.88
tateyama,75,JP,1564374155,59,36.66,137.31,308.15,3.6
sabang,100,PH,1564374155,78,13.8,121.11,299.6,2.11
san pascual,100,PH,1564374156,78,13.78,121.03,299.6,2.11
kamenka,0,MD,1564374156,84,48.03,28.7,291.48,1.5
cherskiy,100,RU,1564374156,74,68.75,161.3,280.3,5.87
ushibuka,100,JP,1564374157,83,32.19,130.02,301.4,5.81
mar del plata,89,AR,1564374126,63,-46.43,-67.52,278.0,5.54
ahipara,100,NZ,1564374157,100,-35.17,173.16,289.82,3.78
bodden town,20,KY,1564374157,84,19.28,-81.25,303.15,4.1
ostrovnoy,100,RU,1564374157,98,68.05,39.51,278.2,10.17
banda aceh,4,ID,1564373935,75,5.56,95.32,300.9,8.07
hounde,100,BF,1564374158,87,11.5,-3.52,294.9,1.01
hobyo,77,SO,1564374158,74,5.35,48.53,297.4,6.31
jumla,100,NP,1564374159,87,29.28,82.18,288.4,0.55
orange cove,0,US,1564374159,45,36.62,-119.31,310.15,3.54
mitu,0,IR,1564374159,33,36.2,46.09,291.0,0.9
shetpe,0,KZ,1564374159,56,44.14,52.16,298.8,7.06
salym,100,RU,1564374160,78,60.06,71.48,291.9,3.68
yerbogachen,100,RU,1564374160,57,61.28,108.01,295.8,1.55
quixeramobim,28,BR,1564374160,74,-5.2,-39.3,296.2,1.29
xichang,100,CN,1564374161,98,27.88,102.25,289.7,1.17
dubti,58,ET,1564374161,36,11.74,41.09,305.4,3.07
tura,99,RU,1564374161,46,64.27,100.22,292.9,2.86
mariental,90,BR,1564374161,93,-25.72,-49.65,287.59,2.1
sechura,0,PE,1564374162,87,-5.56,-80.82,290.8,5.65
santa fe,96,AR,1564374162,97,-31.62,-60.7,284.82,1.34
chifeng,100,CN,1564374162,72,42.27,118.96,291.6,3.58
shimoda,40,JP,1564374162,79,34.7,138.93,304.82,9.3
guerrero negro,0,MX,1564374163,86,27.97,-114.04,293.7,4.87
atar,8,MR,1564374163,41,20.52,-13.05,303.1,4.52
vila velha,40,BR,1564374163,74,-3.71,-38.6,303.15,6.7
cibitoke,74,BI,1564374163,61,-2.89,29.12,288.2,1.81
brigantine,1,US,1564374164,74,39.41,-74.36,299.26,3.6
honningsvag,75,NO,1564374164,87,70.98,25.97,279.15,7.7
colac,44,AU,1564374164,91,-38.34,143.59,287.59,2.61
cairns,40,AU,1564374034,50,-16.92,145.77,299.15,7.2
seoul,90,KR,1564373549,78,37.57,126.98,304.15,2.6
wanning,75,AT,1564374165,100,48.64,13.53,293.15,1.5
kolokani,99,ML,1564374165,88,13.58,-8.03,297.1,4.58
carnarvon,1,ZA,1564374166,38,-30.97,22.13,284.2,5.49
gorkovskiy,0,RU,1564374166,73,45.65,41.2,293.6,2.44
hambantota,40,LK,1564374166,83,6.12,81.12,302.15,7.2
mountain home,75,US,1564374166,20,43.13,-115.69,303.15,2.6
kandi,100,BJ,1564374167,94,11.13,2.93,296.3,2.06
kavieng,100,PG,1564374167,91,-2.57,150.8,298.2,4.92
jutai,4,BR,1564374167,98,-1.71,-47.89,295.4,1.05
bandarbeyla,0,SO,1564374168,68,9.49,50.81,297.3,11.63
havoysund,75,NO,1564374168,93,71.0,24.66,279.15,8.7
omboue,69,GA,1564374168,85,-1.57,9.26,296.0,4.77
muzhi,100,RU,1564374168,88,65.4,64.7,279.5,8.28
arlit,97,NE,1564374169,50,18.74,7.39,302.6,6.04
ayan,20,IR,1564374169,60,38.23,44.7,295.15,1.0
sahuaripa,100,MX,1564374169,88,29.05,-109.23,296.4,1.44
namatanai,94,PG,1564374169,84,-3.66,152.44,298.7,7.75
gasa,100,BT,1564374170,68,27.91,89.73,281.2,1.94
dunedin,100,NZ,1564374102,81,-45.87,170.5,283.15,3.58
gerzat,0,FR,1564374170,76,45.83,3.15,285.93,1.0
awjilah,0,LY,1564374171,38,29.14,21.3,297.4,1.82
saldanha,0,PT,1564374171,53,41.42,-6.55,287.5,1.49
bilibino,100,RU,1564374171,95,68.06,166.44,275.8,1.15
soyo,70,AO,1564374171,86,-6.13,12.37,294.6,2.26
bereznik,97,RU,1564374172,76,62.86,42.71,280.1,5.12
aklavik,40,CA,1564374172,34,68.22,-135.01,293.15,5.7
piacabucu,42,BR,1564374172,87,-10.41,-36.43,296.0,4.74
ewa beach,20,US,1564374172,48,21.32,-158.01,303.15,7.2
manicore,71,BR,1564374173,57,-5.81,-61.3,297.1,0.42
aqtobe,0,KZ,1564374173,73,50.28,57.21,294.15,4.0
kirakira,100,SB,1564374173,82,-10.46,161.92,300.6,4.19
saint-paul,0,FR,1564374173,93,45.22,1.9,284.82,1.0
harnai,30,PK,1564374174,67,30.1,67.94,299.3,1.21
yuxia,90,CN,1564374174,88,34.06,108.63,296.15,6.0
muyuka,75,CM,1564374174,100,4.29,9.41,297.15,0.95
tongling,0,CN,1564374174,56,30.93,117.81,307.6,7.09
denpasar,40,ID,1564374175,74,-8.65,115.22,301.15,4.6
natchez,1,US,1564374175,94,31.56,-91.4,297.15,1.5
vangaindrano,36,MG,1564374175,95,-23.35,47.6,289.0,1.06
umm kaddadah,27,SD,1564374175,54,13.6,26.69,301.5,7.61
den helder,0,NL,1564374176,77,52.96,4.76,291.48,3.1
chicama,40,PE,1564374176,87,-7.84,-79.15,289.15,4.6
ambilobe,3,MG,1564374176,89,-13.19,49.05,293.6,1.51
mbandaka,6,CD,1564374176,84,0.05,18.26,295.5,1.17
havelock,1,US,1564373888,64,34.88,-76.9,297.59,0.95
wolow,0,PL,1564374177,100,51.34,16.64,294.26,1.5
linxia,3,CN,1564374177,58,35.6,103.21,293.4,2.5
punta de piedra,100,VE,1564374178,97,7.62,-71.49,295.3,0.06
bilma,100,NE,1564374178,33,18.69,12.92,305.4,6.81
champerico,75,MX,1564374178,83,16.38,-93.6,298.15,2.1
yarada,90,IN,1564374178,83,17.65,83.27,300.15,6.7
yumen,0,CN,1564374179,16,40.29,97.04,298.9,0.58
platteville,75,US,1564374179,78,42.73,-90.48,299.82,4.6
jining,100,CN,1564373929,65,35.41,116.58,306.6,5.76
villa carlos paz,75,AR,1564374179,93,-31.42,-64.5,281.15,3.6
te anau,100,NZ,1564373911,96,-45.41,167.72,281.2,1.91
yuksekova,0,TR,1564374180,56,37.57,44.29,296.15,2.1
acari,0,BR,1564374180,71,-6.44,-36.64,295.4,4.79
klyuchi,100,RU,1564374180,48,52.25,79.17,296.2,4.38
maxixe,20,MZ,1564374181,93,-23.86,35.35,288.15,0.87
grand gaube,75,MU,1564374181,94,-20.01,57.66,297.15,2.6
noumea,0,NC,1564374181,53,-22.28,166.46,297.15,5.1
nuuk,82,GL,1564374182,76,64.17,-51.74,283.15,3.1
lom sak,20,TH,1564374182,62,16.78,101.24,304.15,1.5
boddam,90,GB,1564374182,100,57.47,-1.78,289.26,1.5
berlevag,75,NO,1564374183,87,70.86,29.09,279.15,9.8
galesong,20,ID,1564374183,46,-5.32,119.37,305.15,4.1
simao,100,CN,1564374183,74,22.76,100.79,298.3,0.83
balikpapan,40,ID,1564374184,56,-1.24,116.86,301.2,2.36
ancud,90,CL,1564374100,100,-41.87,-73.83,283.15,6.2
yatou,75,CM,1564374184,100,3.63,9.81,297.15,6.52
banyo,100,CM,1564374184,97,6.75,11.81,290.2,0.38
saint anthony,1,US,1564374185,37,43.97,-111.68,298.15,3.6
tsiroanomandidy,0,MG,1564374185,84,-18.77,46.05,287.5,0.82
santo tomas,75,PH,1564374185,66,7.53,125.62,303.15,0.38
puerto carreno,75,CO,1564374186,94,6.19,-67.49,298.15,2.86
yaan,100,NG,1564374186,97,7.38,8.57,294.6,2.77
coquimbo,40,CL,1564374186,100,-29.95,-71.34,281.15,3.6
plettenberg bay,71,ZA,1564374187,70,-34.05,23.37,287.0,0.56
whitefish,1,US,1564374187,59,48.41,-114.33,292.59,0.8
santiago de cao,40,PE,1564374187,87,-7.96,-79.24,289.15,4.6
townsville,20,AU,1564373946,41,-19.26,146.82,299.15,6.7
senneterre,1,CA,1564374188,82,48.39,-77.24,291.15,1.5
nemuro,75,JP,1564374188,61,43.32,145.57,301.15,4.1
anloga,40,GH,1564374188,88,5.79,0.9,298.15,4.6
senanga,0,ZM,1564374189,41,-16.1,23.3,283.0,2.45
port hardy,40,CA,1564374189,72,50.7,-127.42,289.15,4.1
darovskoy,100,RU,1564374189,95,58.77,47.96,280.0,6.62
paso de carrasco,0,UY,1564374190,93,-34.86,-56.05,281.15,6.5
port augusta,90,AU,1564374190,77,-32.49,137.76,290.37,6.2
port macquarie,0,AU,1564374190,34,-31.43,152.91,295.93,3.1
valparaiso,1,US,1564373925,73,41.47,-87.06,300.15,3.1
parakou,96,BJ,1564374191,97,9.34,2.63,295.0,2.11
petropavlovsk-kamchatskiy,75,RU,1564374191,87,53.05,158.65,288.15,7.0
college,90,US,1564374192,87,64.86,-147.8,292.15,2.1
amahai,59,ID,1564374192,78,-3.31,129.0,298.3,4.83
sitka,32,US,1564374192,66,37.17,-99.65,297.59,3.75
penzance,74,GB,1564374192,93,50.12,-5.53,290.37,2.6
nakamura,20,JP,1564374193,79,35.17,136.87,312.59,2.6
grand-santi,100,GF,1564374193,98,4.27,-54.38,295.1,0.86
kungurtug,100,RU,1564374193,88,50.6,97.53,282.4,0.97
bambous virieux,75,MU,1564374193,94,-20.34,57.76,297.15,2.6
mnogovershinnyy,99,RU,1564374194,62,53.94,139.92,294.3,0.88
rongcheng,81,CN,1564374194,69,37.16,122.42,304.6,3.48
abu kamal,0,SY,1564374194,37,34.45,40.92,297.7,4.02
west hartford,1,US,1564374037,74,41.76,-72.74,299.26,2.6
tagab,40,AF,1564374195,54,34.85,69.65,299.15,2.1
nairobi,75,KE,1564374118,82,-1.28,36.82,286.15,2.1
gobabis,0,NA,1564374195,31,-22.45,18.97,282.15,0.5
kampene,28,CD,1564374195,55,-3.59,26.67,291.1,1.43
araouane,15,ML,1564374196,38,18.9,-3.53,306.8,8.39
paita,3,PE,1564374196,89,-5.09,-81.11,290.9,7.26
brigham city,1,US,1564374196,29,41.51,-112.02,300.93,2.1
san patricio,0,PY,1564374196,84,-26.98,-56.83,284.3,2.22
kibaya,40,RW,1564374197,63,-2.2,30.56,289.15,2.1
rocha,54,UY,1564374086,95,-34.48,-54.34,279.9,3.35
camocim,0,BR,1564374197,90,-2.9,-40.84,295.6,1.5
xalpatlahuac,53,MX,1564374029,90,17.47,-98.62,289.7,1.87
zamora,0,ES,1564374197,76,41.51,-5.74,290.37,2.6
auka,100,HN,1564374198,95,14.93,-83.83,297.4,1.46
outjo,0,NA,1564374198,22,-20.11,16.16,285.15,1.5
longyearbyen,0,NO,1564374198,76,78.22,15.63,282.15,2.6
mogadishu,75,SO,1564374199,74,2.04,45.34,299.15,7.7
ocos,75,GT,1564374199,94,14.51,-92.19,297.15,1.5
clyde river,90,CA,1564374199,100,70.47,-68.59,276.15,5.7
marzuq,0,YE,1564374199,57,14.4,46.47,298.4,1.94
korop,96,UA,1564374200,87,51.57,32.95,292.0,1.74
northam,40,AU,1564374200,71,-31.65,116.67,287.15,6.2
manado,20,ID,1564374055,49,1.49,124.85,305.15,2.1
chapais,1,CA,1564374200,93,49.78,-74.86,288.15,2.1
scarborough,100,GB,1564374201,100,54.28,-0.41,290.37,0.5
ilulissat,25,GL,1564374201,38,69.22,-51.1,288.15,7.7
millinocket,1,US,1564374201,88,45.66,-68.71,293.15,1.5
cayenne,90,GF,1564374201,100,4.94,-52.33,296.15,1.03
belmonte,0,PT,1564374202,57,40.36,-7.35,288.71,1.98
russell,1,US,1564374202,57,38.9,-98.86,299.82,3.1
lithakia,40,GR,1564373945,88,37.72,20.83,298.15,1.0
vostok,72,RU,1564374202,67,46.45,135.83,301.1,3.86
amapa,75,HN,1564374204,94,15.09,-87.97,296.15,1.5
mackenzie,40,CA,1564374204,48,55.34,-123.09,291.15,2.1
takoradi,100,GH,1564374204,90,4.89,-1.75,296.2,1.7
nalut,0,LY,1564374205,64,31.86,10.98,296.1,4.24
lewisporte,20,CA,1564374205,72,49.25,-55.06,290.15,9.3
rapid valley,1,US,1564374205,63,44.06,-103.15,293.15,4.1
cerro largo,0,BR,1564374205,92,-28.15,-54.74,283.15,1.52
kalabo,19,ZM,1564374206,34,-15.0,22.67,283.0,3.05
jasper,1,US,1564374206,100,33.83,-87.28,299.15,1.15
gairatganj,15,IN,1564374206,82,23.42,78.24,299.5,2.16
kamakhyanagar,99,IN,1564374207,90,20.93,85.54,299.2,2.51
pitanga,98,BR,1564374028,95,-24.76,-51.76,287.7,2.66
okato,100,NZ,1564374207,59,-39.19,173.88,289.26,1.79
cascais,75,PT,1564374207,93,38.7,-9.42,293.71,2.6
manali,25,IN,1564374208,64,32.25,77.19,283.7,0.53
san jose,75,HN,1564374026,69,14.25,-87.96,296.15,2.1
boromo,100,BF,1564374208,78,11.74,-2.93,297.2,2.87
wucheng,0,CN,1564374208,56,29.09,119.57,307.5,1.41
dawlatabad,0,AF,1564374209,16,36.41,64.91,305.6,2.7
mapastepec,96,MX,1564374209,87,15.44,-92.9,297.1,1.52
araguaina,78,BR,1564374120,46,-7.19,-48.21,299.0,1.55
tabon,75,PH,1564374209,62,14.31,121.23,305.37,2.1
camacupa,5,AO,1564374210,26,-12.02,17.48,281.7,1.1
conner,40,PH,1564374210,70,17.8,121.32,300.4,1.0
margate,75,AU,1564374210,64,-43.03,147.26,282.15,6.7
iquitos,0,PE,1564374210,94,-3.75,-73.25,294.15,0.34
ericeira,75,PT,1564374211,93,38.96,-9.42,293.71,2.6
the pas,90,CA,1564374211,76,53.82,-101.24,286.15,6.7
jawhar,100,IN,1564374211,86,19.91,73.23,299.6,7.05
cockburn town,0,TC,1564374008,76,21.46,-71.14,301.3,6.29
saraza,100,PH,1564374212,69,8.74,117.78,302.4,6.26
les cayes,8,HT,1564374212,76,18.19,-73.75,300.8,2.11
san quintin,96,PH,1564374212,68,17.54,120.52,302.6,3.58
vikramasingapuram,75,IN,1564374212,88,8.71,77.39,305.15,3.1
sibolga,100,ID,1564374213,73,1.74,98.78,300.6,1.2
kidal,0,ML,1564374213,49,18.44,1.41,303.3,6.36
rosario oeste,0,BR,1564374213,50,-14.84,-56.43,293.3,1.23
iranshahr,0,IR,1564374213,41,27.21,60.69,308.15,2.62
debre birhan,39,ET,1564374214,88,9.68,39.53,283.3,0.75
manokwari,49,ID,1564374214,72,-0.87,134.08,299.6,1.86
dwarka,75,IN,1564374214,79,28.58,77.04,304.15,4.6
coronado,20,PA,1564374215,83,8.53,-79.9,302.04,3.6
galle,100,GN,1564374215,98,10.08,-12.83,293.8,0.72
melbu,0,NO,1564374215,55,68.5,14.83,289.82,4.87
shostka,24,UA,1564374216,91,51.86,33.47,291.2,2.51
chimbote,35,PE,1564374216,88,-9.08,-78.59,289.3,7.14
marienburg,75,DE,1564374216,88,52.12,9.98,293.71,5.7
meybod,20,IR,1564374217,13,32.25,54.02,306.15,4.59
ulaangom,100,MN,1564374217,47,49.98,92.07,292.4,2.24
nuevo progreso,1,US,1564374217,69,26.05,-97.95,300.93,4.6
dvinskoy,100,RU,1564374218,94,62.16,45.12,279.5,5.91
sosnytsya,96,UA,1564374218,87,51.52,32.5,292.0,1.74
yakeshi,0,CN,1564374218,51,49.28,120.73,298.5,6.15
nouadhibou,0,MR,1564374219,78,20.93,-17.03,295.15,8.7
cananea,1,MX,1564374219,37,30.98,-110.3,301.15,4.6
sibu,75,MY,1564374219,70,2.29,111.83,304.15,2.1
qaqortoq,3,GL,1564374220,76,60.72,-46.03,282.15,3.1
poum,40,MK,1564374221,87,41.28,20.71,286.15,1.0
katangli,100,RU,1564374221,89,51.71,143.23,286.0,4.54
kaniama,27,CD,1564374221,32,-7.57,24.18,287.7,1.95
cuenca,97,EC,1564374132,81,-2.9,-79.0,284.15,1.84
rurrenabaque,4,BO,1564374222,86,-14.44,-67.53,289.2,1.45
caravelas,0,BR,1564374222,83,-17.73,-39.27,295.0,2.91
viedma,52,AR,1564374222,57,-40.81,-62.99,285.3,7.35
henties bay,99,NA,1564374222,94,-22.12,14.28,285.93,3.53
sinnamary,49,GF,1564374223,80,5.38,-52.96,300.1,3.68
eureka,75,US,1564374222,87,40.8,-124.16,288.71,3.1
honiara,75,SB,1564374223,66,-9.43,159.96,304.15,4.1
deputatskiy,85,RU,1564374223,59,69.3,139.9,281.4,4.28
westport,1,US,1564374224,83,41.14,-73.36,299.82,2.6
bundaberg,75,AU,1564374224,47,-24.87,152.35,297.15,4.6
zyryanka,100,RU,1564374224,42,65.73,150.89,286.5,0.85
synya,100,RU,1564374225,93,65.37,58.04,279.9,8.26
awash,32,ET,1564374225,73,8.99,40.17,295.2,3.96
saint-augustin,20,CA,1564374225,83,45.63,-73.98,297.15,1.0
taoudenni,15,ML,1564374225,10,22.68,-3.98,309.5,3.46
sucevita,0,RO,1564374226,77,47.78,25.72,292.04,2.6
mount isa,51,AU,1564374226,24,-20.73,139.49,300.15,3.1
fairbanks,90,US,1564374011,87,64.84,-147.72,289.82,2.1
rio gallegos,90,AR,1564374126,69,-51.62,-69.22,277.15,2.6
tongchuan,90,CN,1564374227,88,34.9,108.95,296.15,6.0
lavrentiya,100,RU,1564374227,64,65.58,-170.99,283.2,6.59
magistralnyy,19,RU,1564374227,49,56.17,107.45,298.0,5.06
palmer,20,AU,1564374227,62,-34.85,139.16,290.37,6.2
barkot,40,IN,1564374228,70,30.81,78.21,304.15,1.5
grand forks,20,US,1564374228,82,47.91,-97.06,292.15,3.6
coos bay,40,US,1564374009,87,43.37,-124.22,290.93,4.6
fort nelson,75,CA,1564374229,59,58.81,-122.69,292.15,2.1
camacha,40,PT,1564374229,83,33.08,-16.33,295.15,4.6
pemalang,29,ID,1564374229,47,-6.89,109.38,301.6,2.61
half moon bay,90,US,1564374230,87,37.46,-122.43,293.71,1.5
santa maria da vitoria,99,BR,1564374036,54,-13.39,-44.19,294.1,0.79
sayhat,0,SA,1564374230,66,26.49,50.04,307.15,2.22
ascoli piceno,74,IT,1564374230,83,42.85,13.58,297.04,1.0
evensk,5,RU,1564374231,54,61.92,159.24,292.5,4.1
cadillac,75,US,1564374231,78,44.25,-85.4,297.15,3.6
rundu,0,NA,1564374231,39,-17.91,19.77,282.15,1.0
mandalgovi,92,MN,1564374231,64,45.76,106.27,287.1,7.68
haines junction,100,CA,1564374232,87,60.75,-137.51,278.9,2.81
alenquer,20,BR,1564374232,100,-1.95,-54.74,295.15,1.0
